{"_timestamp":1.754896041006708e+09,"iter":500,"lr":0.0009852826883675631,"_step":2,"mfu":0.1303529282683349,"val/loss":3.0650057792663574,"_runtime":996,"_wandb":{"runtime":996},"train/loss":3.0620970726013184}